circuit_id,parcel_id,assessment_required,reviewed_side
C30008,11682,True,right
C30008,16703,True,right
C30008,27727,True,left
C30008,32864,True,right
C30015,2416,True,right
C30015,2446,True,right
C30015,2479,True,right
C30015,10173,True,right
C30015,12585,True,right
C30015,15657,True,left
C30015,16631,True,left
C30015,26250,True,right
C30015,27645,True,left
C30015,28700,True,right
C30015,30261,True,left
C30015,32843,True,left
C30015,32844,True,left
C30015,32845,True,right
C30015,32846,True,right
C30015,32847,True,left
C30033,2538,True,right
C30033,2635,True,left
C30033,2643,True,left
C30033,11631,True,right
C30033,11645,True,right
C30033,12616,True,right
C30033,12617,True,left
C30033,14233,True,right
C30033,18238,True,right
C30033,18245,True,right
C30033,19699,True,right
C30033,19701,True,left
C30033,20700,True,right
C30033,20703,True,right
C30033,27675,True,left
C30033,30290,True,right
C30033,32851,True,right
C30033,32852,True,right
C30033,32854,True,right
C30033,32856,True,right
C30033,32857,True,right
C30033,33833,True,right
C30034,12606,True,left
C30034,15677,True,left
C30034,15679,True,left
C30034,16660,True,left
C30034,16669,True,right
C30034,18246,True,left
C30034,19681,True,left
C30034,20719,True,left
C30034,23640,True,left
C30034,24699,True,left
C30034,27657,True,left
C30034,27660,True,left
C30034,27676,True,left
C30034,30286,True,left
C30034,30297,True,left
C30034,32849,True,left
C30034,32853,True,right
C30034,34276,True,left
C30034,34280,True,left
C30862,10424,True,right
C30862,15882,True,left
C30862,18477,True,right
C30862,23861,True,right
C31093,2664,True,right
C31093,2706,True,right
C31093,9708,True,right
C31093,9709,True,right
C31093,9710,True,right
C31093,11684,True,left
C31093,12662,True,left
C31093,15701,True,right
C31093,15712,True,right
C31093,15718,True,right
C31093,15740,True,left
C31093,16674,True,right
C31093,22246,True,right
C31093,26312,True,left
C31093,27722,True,left
C31093,30326,True,left
C31093,38223,True,left
C31221,5630,True,left
C31221,5636,True,left
C31221,5642,True,right
C31221,5645,True,left
C31221,13509,True,right
C31221,14642,True,right
C31221,15096,True,right
C31221,31161,True,left
C31401,6451,True,right
C31401,11137,True,left
C31401,16230,True,left
C31401,20249,True,right
C31401,20253,True,right
C31401,28281,True,left
C31402,6463,True,left
C31402,17602,True,right
C31402,24242,True,right
C31402,24248,True,left
C31402,28278,True,left
C31402,31248,True,right
C31406,6446,True,left
C31406,15175,True,left
C31406,17597,True,right
C31406,17600,True,right
C31406,24244,True,right
C31406,24807,True,left
C31438,6506,True,left
C31438,6509,True,left
C31438,16240,True,right
C31438,19183,True,left
C31438,23179,True,right
C31438,25599,True,left
C31568,2195,True,left
C31568,14141,True,right
C31568,15607,True,left
C31568,16578,True,left
C31568,23583,True,left
C31568,31600,True,left
C31694,20582,True,right
C31694,26147,True,left
C31694,28608,True,right
C31694,33111,True,left
C31694,33671,True,left
C31694,33673,True,right
C31694,33768,True,left
C31876,9939,True,left
C31876,11428,True,left
C31876,13978,True,left
C31876,13979,True,right
C31876,13980,True,right
C31876,15456,True,left
C31876,16415,True,right
C31876,19454,True,left
C31876,20450,True,left
C31876,20454,True,right
C31876,21988,True,right
C31876,23445,True,right
C31876,24442,True,left
C31876,24449,True,right
C31876,24451,True,left
C31876,26005,True,left
C31876,27452,True,left
C31876,27453,True,left
C31876,28469,True,right
C31993,1499,True,right
C31993,1515,True,right
C31993,1534,True,right
C31993,1537,True,right
C31993,1546,True,right
C31993,1555,True,right
C31993,12411,True,left
C31993,14042,True,right
C31993,16463,True,left
C31993,20496,True,left
C31993,24514,True,right
C31993,30955,True,left
C32030,11551,True,left
C32030,11557,True,left
C32030,12485,True,left
C32030,14110,True,right
C32030,19598,True,left
C32030,26153,True,right
C32030,27577,True,left
C32030,31565,True,right
C32030,31568,True,left
C32030,31573,True,left
C32054,960,True,left
C32054,980,True,left
C32054,992,True,right
C32054,9915,True,right
C32054,13020,True,left
C32054,13958,True,left
C32054,17991,True,right
C32054,22831,True,left
C32054,25994,True,right
C32054,28442,True,left
C32070,2147,True,left
C32070,2174,True,left
C32070,20620,True,right
C32070,30201,True,left
C32081,9590,True,right
C32081,9598,True,left
C32081,9703,True,left
C32081,11409,True,left
C32081,18836,True,left
C32081,20428,True,left
C32081,32892,True,left
C32081,32893,True,left
C32081,33504,True,left
C32081,36561,True,right
C32090,1100,True,left
C32090,10756,True,left
C32090,15461,True,left
C32090,16418,True,left
C32090,19457,True,left
C32090,23444,True,left
C32090,30908,True,left
C32090,32896,True,left
C32090,33467,True,right
C32090,33468,True,right
C32090,33469,True,right
C32090,33472,True,right
C32090,33473,True,right
C32324,33478,True,right
C32324,33479,True,right
C32324,33482,True,right
C32324,33493,True,left
C32324,33494,True,left
C32324,33495,True,left
C32324,33496,True,left
C32573,9,True,left
C32573,16,True,left
C32573,9798,True,left
C32573,12207,True,left
C32573,17860,True,left
C32573,21854,True,right
C32573,22685,True,right
C32573,24282,True,left
C32573,29920,True,left
C32573,34988,True,right
C32573,34990,True,right
C32573,34991,True,right
C32573,34992,True,right
C32649,10641,True,right
C32649,10643,True,right
C32649,24289,True,left
C32649,24290,True,left
C32649,25870,True,right
C32649,26708,True,left
C32649,28312,True,left
C32649,32691,True,right
C32716,472,True,left
C32716,474,True,left
C32716,478,True,left
C32716,479,True,right
C32716,482,True,right
C32716,10705,True,left
C32716,10706,True,right
C32716,12270,True,right
C32716,13893,True,right
C32716,17927,True,right
C32716,28368,True,left
C32716,30831,True,right
C32734,450,True,left
C32734,12264,True,left
C32734,13013,True,left
C32734,13886,True,left
C32734,14756,True,right
C32734,17059,True,left
C32734,17922,True,left
C32734,21907,True,right
C32734,25925,True,right
C32734,30824,True,right
C33156,1615,True,left
C33156,1616,True,left
C33156,1626,True,left
C33156,1635,True,right
C33156,1641,True,right
C33156,1656,True,left
C33156,1662,True,left
C33156,1668,True,right
C33156,1682,True,right
C33156,1688,True,left
C33156,1696,True,left
C33156,1699,True,left
C33156,10021,True,right
C33156,10026,True,left
C33156,10038,True,right
C33156,11516,True,left
C33156,11525,True,right
C33156,12437,True,left
C33156,14057,True,left
C33156,16494,True,left
C33156,16499,True,right
C33156,18854,True,left
C33156,20520,True,right
C33156,20526,True,right
C33156,20538,True,right
C33156,24537,True,right
C33156,24538,True,right
C33156,27524,True,left
C33156,27536,True,right
C33156,28561,True,right
C33156,28563,True,right
C33156,28564,True,right
C33156,28570,True,right
C33156,30965,True,left
C33229,9870,True,left
C33229,10726,True,right
C33229,13911,True,right
C33229,21925,True,right
C33229,22781,True,left
C33229,30002,True,left
C33232,728,True,right
C33232,13928,True,right
C33232,22797,True,left
C33232,25964,True,right
C33295,10112,True,left
C33295,11586,True,right
C33295,14167,True,right
C33295,28657,True,left
C33384,508,True,left
C33384,10713,True,right
C33384,10714,True,left
C33384,10717,True,left
C33384,14769,True,right
C33384,14770,True,left
C33384,14771,True,left
C33384,17929,True,right
C33384,17931,True,right
C33384,20362,True,left
C33384,24366,True,right
C33384,24370,True,left
C33384,25931,True,right
C33384,26771,True,right
C33384,30836,True,left
C33539,12856,True,right
C33539,16914,True,right
C33539,24914,True,left
C33539,27326,True,left
C33539,32413,True,left
C33544,9167,True,left
C33544,9168,True,left
C33544,12982,True,right
C33544,12984,True,right
C33544,17025,True,left
C33544,21827,True,left
C33544,21831,True,right
C33544,23417,True,left
C33544,25842,True,right
C33544,27424,True,left
C33544,29906,True,right
C33544,32528,True,right
C33553,8649,True,left
C33553,8650,True,left
C33553,8758,True,left
C33553,8800,True,right
C33553,8838,True,left
C33553,8893,True,left
C33553,13767,True,right
C33553,13774,True,right
C33553,13777,True,left
C33553,15382,True,left
C33553,17789,True,left
C33553,17796,True,right
C33553,20998,True,left
C33553,29041,True,left
C33553,29864,True,left
C33553,30746,True,left
C33553,31443,True,right
C33553,32502,True,left
C33553,35229,True,right
C33553,35230,True,right
C33553,35413,True,right
C33553,35415,True,right
C33553,35416,True,right
C33553,35419,True,right
C33650,15246,True,left
C33650,15249,True,right
C33650,16842,True,left
C33650,16846,True,right
C33650,19257,True,left
C33650,23251,True,right
C33650,23255,True,right
C33650,27256,True,right
C33650,32357,True,right
C33655,7036,True,left
C33655,7037,True,left
C33655,7045,True,right
C33655,11189,True,left
C33655,12773,True,left
C33655,13622,True,left
C33655,14658,True,right
C33655,17650,True,right
C33655,19232,True,left
C33655,22660,True,left
C33655,24824,True,left
C33655,24828,True,right
C33655,27222,True,left
C33655,27223,True,right
C33655,31300,True,right
C33732,8346,True,right
C33732,8360,True,right
C33732,8388,True,right
C33732,8389,True,right
C33732,8429,True,left
C33732,11294,True,right
C33732,15335,True,right
C33732,15345,True,right
C33732,20949,True,right
C33732,20953,True,right
C33732,20968,True,left
C33732,24942,True,right
C33732,24951,True,right
C33732,31391,True,right
C33732,32440,True,right
C33732,32449,True,right
C33742,8948,False,right
C33742,8976,False,right
C33742,35239,True,right
C33742,35256,True,right
C33742,35371,True,left
C33742,35372,True,left
C33742,35373,True,left
C33742,35374,True,left
C33742,35375,True,left
C33742,35376,True,left
C33742,35377,True,left
C33742,35378,True,left
C33742,35418,True,right
C33742,35431,True,right
C33792,7358,False,right
C33792,7360,True,left
C33792,7424,True,left
C33792,16862,True,right
C33792,16867,True,left
C33792,17685,True,left
C33792,17688,True,right
C33792,23262,True,left
C33792,24866,True,left
C33792,29750,True,left
C33792,34998,True,left
C33792,36166,True,right
C33982,7580,True,right
C33982,7606,True,right
C33982,7613,True,left
C33982,7634,True,right
C33982,7679,True,right
C33982,7694,True,right
C33982,7717,True,left
C33982,11238,True,left
C33982,11247,True,left
C33982,11251,True,right
C33982,13665,True,left
C33982,13677,True,left
C33982,15275,True,left
C33982,15278,True,left
C33982,15295,True,right
C33982,16888,True,left
C33982,16895,True,right
C33982,17696,True,right
C33982,18670,True,left
C33982,19283,True,left
C33982,19284,True,right
C33982,19291,True,left
C33982,20915,True,right
C33982,20916,True,right
C33982,20917,True,right
C33982,21699,True,left
C33982,23278,True,left
C33982,23282,True,right
C33982,25692,True,right
C33982,25716,True,right
C33982,27289,True,right
C33982,27302,True,left
C33982,28923,True,right
C33982,28940,True,left
C33982,28950,True,right
C33982,29768,True,right
C33982,29772,True,left
C33982,32395,True,right
C33982,32398,True,left
C33982,32399,True,right
C34290,35054,True,left
C34290,35055,True,left
C34290,35056,True,left
C34290,35057,True,left
C34290,35064,True,right
C34290,35065,True,right
C34290,35066,True,right
C34290,35067,True,right
C34738,4928,True,left
C34738,4955,True,left
C34738,4973,True,left
C34738,4981,True,left
C34738,4997,True,right
C34738,5009,True,right
C34738,5012,True,right
C34738,5028,True,left
C34738,5036,True,right
C34738,5038,True,right
C34738,5040,True,right
C34738,5049,True,left
C34738,5063,True,right
C34738,5092,True,left
C34738,5131,True,left
C34738,10981,True,left
C34738,10983,True,left
C34738,10984,True,left
C34738,10990,True,right
C34738,12005,True,left
C34738,12008,True,left
C34738,12017,True,left
C34738,15022,True,left
C34738,19016,True,right
C34738,20100,True,left
C34738,20104,True,left
C34738,20105,True,left
C34738,20833,True,right
C34738,22997,True,left
C34738,24065,True,left
C34738,24082,True,right
C34738,24084,True,right
C34738,24089,True,right
C34738,26997,True,left
C34738,27011,True,right
C34738,28121,True,right
C34738,29548,True,right
C34738,31066,True,left
C34738,31072,True,right
C34738,32111,True,left
C34774,2367,True,left
C34774,19652,True,left
C34774,23612,True,left
C34774,27629,True,right
C34774,30242,True,right
C34827,3213,True,right
C34827,3226,True,left
C34827,3229,True,right
C34827,3232,True,left
C34827,3238,True,right
C34827,3241,True,left
C34827,3262,True,right
C34827,3274,True,left
C34827,3282,True,left
C34827,3283,True,left
C34827,11737,True,left
C34827,22341,True,right
C34827,25139,True,right
C34827,25149,True,left
C34827,25152,True,right
C34827,26380,True,right
C34827,26382,True,left
C34827,29217,True,left
C34827,30409,True,left
C34827,31798,True,left
C34859,12565,True,right
C34859,20668,True,left
C34859,20671,True,left
C34859,24674,True,right
C34859,32914,True,left
C34884,2670,True,right
C34884,2690,True,right
C34884,2699,True,left
C34884,2726,True,left
C34884,2740,True,left
C34884,2756,True,left
C34884,11658,True,right
C34884,12598,True,left
C34884,12624,True,left
C34884,12632,True,left
C34884,14226,True,left
C34884,16675,True,left
C34884,19686,True,left
C34884,19708,True,right
C34884,22220,True,right
C34884,22230,True,right
C34884,23676,True,left
C34884,24723,True,right
C34884,24732,True,left
C34884,25060,True,left
C34884,25062,True,left
C34884,27663,True,right
C34884,27689,True,right
C34884,28733,True,left
C34884,28738,True,right
C34884,28757,True,left
C34884,30278,True,left
C34884,31667,True,right
C34884,31678,True,left
C34975,13113,True,right
C34975,13115,True,left
C34975,14374,True,left
C34975,17154,True,left
C34975,19812,True,right
C34975,27808,True,right
C34975,29231,True,left
C34975,34253,True,right
C34988,11596,True,right
C34988,15630,True,left
C34988,30234,True,right
C34988,33172,True,left
C34988,34207,True,right
C34992,2387,True,left
C34992,10152,True,right
C34992,14874,True,left
C34992,16630,True,right
C34992,27622,True,left
C34992,33180,True,left
C34992,33184,True,left
C34992,33661,True,left
C34992,33664,True,left
C34992,33670,True,right
C34992,33721,True,right
C35156,17275,True,left
C35156,17280,True,right
C35156,18536,True,left
C35156,19941,True,right
C35167,10476,True,left
C35167,11837,True,left
C35167,13230,True,right
C35167,21249,True,left
C35180,3729,True,right
C35180,13198,True,right
C35180,15873,True,left
C35180,19882,True,right
C35180,30507,True,right
C35180,32576,True,left
C35180,32577,True,right
C35180,32920,True,left
C35180,32921,True,left
C35442,4199,True,left
C35442,4207,True,left
C35442,4217,True,left
C35442,4221,True,right
C35442,4236,True,left
C35442,4238,True,right
C35442,4303,True,left
C35442,4304,True,left
C35442,4305,True,left
C35442,4306,True,left
C35442,4307,True,left
C35442,4308,True,left
C35442,4309,True,left
C35442,10550,True,right
C35442,10566,True,left
C35442,10567,True,left
C35442,11914,True,right
C35442,13331,True,left
C35442,14577,True,left
C35442,18607,True,left
C35442,18608,True,left
C35442,20008,True,left
C35442,23972,True,left
C35442,23977,True,left
C35442,27983,False,left
C35442,30606,True,right
C35442,32011,True,right
C35442,32014,True,right
C35681,9004,True,left
C35681,9029,True,left
C35681,9031,True,right
C35681,9051,True,right
C35681,9053,True,left
C35681,9073,True,right
C35681,9077,True,left
C35681,9089,True,right
C35681,9104,True,right
C35681,9124,True,right
C35681,11376,True,left
C35681,13785,True,right
C35681,15400,True,left
C35681,17827,True,left
C35681,21823,True,left
C35681,23400,True,right
C35681,25029,True,left
C35681,25035,True,right
C35681,30747,True,left
C35681,31478,True,right
